{
  "logpose/dashboard_main.py": 1776117841.4720016,
  "logpose/__init__.py": 1774521806.8879814,
  "logpose/forwarder_main.py": 1776390912.9909296,
  "logpose/router_main.py": 1776117834.1048024,
  "logpose/metrics/__init__.py": 1776117653.578394,
  "logpose/metrics/emitter.py": 1776118814.7484956,
  "logpose/forwarder/dlq_forwarder.py": 1776106786.615515,
  "logpose/forwarder/universal_client.py": 1776390912.9903908,
  "logpose/forwarder/__init__.py": 1776390912.989702,
  "logpose/forwarder/enriched_forwarder.py": 1776390912.9901378,
  "logpose/forwarder/splunk_client.py": 1776106786.6168668,
  "logpose/runbooks/__init__.py": 1774982772.9501498,
  "logpose/runbooks/test_runbook.py": 1774985143.4103348,
  "logpose/runbooks/base.py": 1776390912.9916945,
  "logpose/runbooks/cloud/__init__.py": 1774982787.2905338,
  "logpose/runbooks/cloud/gcp/__init__.py": 1774982789.3059258,
  "logpose/runbooks/cloud/gcp/event_audit.py": 1774982800.8048565,
  "logpose/runbooks/cloud/gcp/__main__.py": 1774985143.4306948,
  "logpose/runbooks/cloud/aws/cloudtrail.py": 1774985143.4246278,
  "logpose/runbooks/cloud/aws/__init__.py": 1774982788.3004804,
  "logpose/runbooks/cloud/aws/__main__.py": 1774985143.4083276,
  "logpose/models/__init__.py": 1774521806.8914273,
  "logpose/models/enriched_alert.py": 1776390912.9913976,
  "logpose/models/alert.py": 1776390912.9911535,
  "logpose/dashboard/routes_reader.py": 1776117730.1523757,
  "logpose/dashboard/metrics_store.py": 1776117705.847924,
  "logpose/dashboard/__init__.py": 1776117653.9156368,
  "logpose/dashboard/rabbitmq_api.py": 1776118826.819606,
  "logpose/dashboard/metrics_consumer.py": 1776118822.2086499,
  "logpose/dashboard/app.py": 1776117745.1643796,
  "logpose/consumers/splunk_es_consumer.py": 1776390912.9884567,
  "logpose/consumers/sqs_consumer.py": 1776117814.3434148,
  "logpose/consumers/__init__.py": 1776390912.9881155,
  "logpose/consumers/kafka_consumer.py": 1776117802.3712204,
  "logpose/consumers/base.py": 1774521806.8903058,
  "logpose/consumers/pubsub_consumer.py": 1776117822.7682092,
  "logpose/consumers/universal_consumer.py": 1776390912.988779,
  "logpose/queue/queues.py": 1776117640.0435317,
  "logpose/queue/__init__.py": 1774521806.892338,
  "logpose/queue/rabbitmq.py": 1776106786.6177785,
  "logpose/queue/rabbitmq_consumer.py": 1774985143.4775033,
  "logpose/routing/registry.py": 1774982689.7707245,
  "logpose/routing/__init__.py": 1774982698.038869,
  "logpose/routing/router.py": 1776117762.2505155,
  "logpose/routing/routes/__init__.py": 1774985143.4072092,
  "logpose/routing/routes/test_route.py": 1774982732.6429007,
  "logpose/routing/routes/cloud/__init__.py": 1774982703.9585154,
  "logpose/routing/routes/cloud/gcp/__init__.py": 1774982706.0350769,
  "logpose/routing/routes/cloud/gcp/event_audit.py": 1774982729.4790204,
  "logpose/routing/routes/cloud/aws/cloudtrail.py": 1774982720.3955762,
  "logpose/routing/routes/cloud/aws/guardduty.py": 1774982723.3191202,
  "logpose/routing/routes/cloud/aws/eks.py": 1774982726.1840644,
  "logpose/routing/routes/cloud/aws/__init__.py": 1774982704.9691675,
  "tests/__init__.py": 1774521806.8938875,
  "tests/unit/test_metrics_store.py": 1776117939.2937968,
  "tests/unit/test_alert_model.py": 1774521806.8983045,
  "tests/unit/test_enriched_alert.py": 1776390912.9928775,
  "tests/unit/test_dlq_forwarder.py": 1776106786.6198769,
  "tests/unit/test_universal_consumer.py": 1776390912.993962,
  "tests/unit/test_router.py": 1774985143.4892063,
  "tests/unit/__init__.py": 1774521806.8971899,
  "tests/unit/test_enriched_forwarder.py": 1776390912.9931757,
  "tests/unit/test_route_registry.py": 1774985143.4735188,
  "tests/unit/test_rabbitmq_api.py": 1776117947.9942882,
  "tests/unit/test_rabbitmq_consumer.py": 1774985143.4858747,
  "tests/unit/test_sqs_consumer.py": 1774521806.8988023,
  "tests/unit/test_gcp_event_audit_runbook.py": 1774985143.462544,
  "tests/unit/test_universal_client.py": 1776390912.9936354,
  "tests/unit/test_rabbitmq.py": 1774985499.7361822,
  "tests/unit/test_route_matchers.py": 1774985143.476688,
  "tests/unit/test_cloudtrail_runbook.py": 1774985143.4479997,
  "tests/unit/test_splunk_client.py": 1776106786.6213484,
  "tests/unit/test_splunk_es_consumer.py": 1776390912.9934015,
  "tests/integration/conftest.py": 1774983123.1468835,
  "tests/integration/test_universal_ingestion.py": 1776390912.992428,
  "tests/integration/__init__.py": 1774521806.8943758,
  "tests/integration/test_routing_flow.py": 1774985143.4775047,
  "tests/integration/test_kafka_ingestion.py": 1774521806.8967178,
  "tests/integration/test_sqs_ingestion.py": 1774521806.897091,
  "tests/integration/test_pubsub_ingestion.py": 1774521806.8969045,
  "tests/integration/test_splunk_forwarding.py": 1776106786.6190305,
  "requirements.txt": 1776117853.3008604,
  "README.md": 1776427525.3419833,
  "requirements-dev.txt": 1776390912.9921136,
  "solution_installation.md": 1776958753.8640952,
  "CLAUDE.md": 1776106786.6123958,
  "logpose/dashboard/static/index.html": 1776117926.1358485,
  "docs/web-ui/rabbitmq-management-ui.md": 1776124552.6124187,
  "docs/tests/forwarder/enriched-forwarder-testing-walkthrough.md": 1776124618.397561,
  "docs/tests/forwarder/dlq-forwarder-testing-walkthrough.md": 1776124646.2483406,
  "docs/tests/forwarder/splunk-client-testing-walkthrough.md": 1776124587.4566128,
  "docs/tests/integration/splunk-forwarding-testing-walkthrough.md": 1776124684.038028,
  "docs/tests/runbooks/test-runbook-testing-walkthrough.md": 1775049597.9571774,
  "docs/tests/runbooks/cloudtrail-runbook-testing-walkthrough.md": 1776106786.6145716,
  "docs/tests/runbooks/gcp-event-audit-runbook-testing-walkthrough.md": 1774989041.7597926,
  "docs/tests/models/enriched-alert-testing-walkthrough.md": 1776106786.612879,
  "docs/tests/consumers/sqs-testing-walkthroughs.md": 1774521806.8878617,
  "docs/tests/consumers/pubsub-testing-walkthrough.md": 1774650753.5495198,
  "docs/tests/consumers/kafka-testing-walkthrough.md": 1774653868.363123,
  "docs/tests/queue/rabbitmq-publisher-testing-walkthrough.md": 1776106786.6136942,
  "docs/tests/queue/rabbitmq-consumer-testing-walkthrough.md": 1776106786.6133022,
  "docs/tests/routing/router-testing-walkthrough.md": 1774988295.5904107,
  "docs/tests/routing/route-matchers-testing-walkthrough.md": 1774988239.1993833,
  "docs/dashboard/logpose-dashboard-guide.md": 1776126985.6409848
}